size,density,bfs_cost,bfs_time,ucs_cost,ucs_time,greedy_cost,greedy_time,astar_cost,astar_time,mcts_cost,mcts_time,best_algorithm
10,0.20501834017857293,96,0.0003139972686767578,68,0.00027489662170410156,97,5.817413330078125e-05,68,0.00025534629821777344,107,0.05026507377624512,astar
20,0.29566072904201424,187,0.0002110004425048828,165,0.0002980232238769531,199,4.8160552978515625e-05,165,0.00029087066650390625,,0.05364203453063965,astar
10,0.26136739916042906,92,5.91278076171875e-05,48,6.794929504394531e-05,59,1.8835067749023438e-05,48,6.175041198730469e-05,107,0.022542953491210938,astar
10,0.2844035592666695,64,4.601478576660156e-05,64,6.890296936035156e-05,95,2.193450927734375e-05,64,6.4849853515625e-05,128,0.021939992904663086,bfs
20,0.2963250771269196,195,0.00021314620971679688,154,0.0003120899200439453,223,4.6253204345703125e-05,154,0.000247955322265625,234,0.0465548038482666,astar
20,0.3894845252403384,180,9.703636169433594e-05,174,0.00013494491577148438,182,5.984306335449219e-05,174,0.00013303756713867188,,0.04998016357421875,astar
20,0.4153913519394371,140,0.0001270771026611328,124,0.00016999244689941406,168,5.2928924560546875e-05,124,0.0001609325408935547,,0.038511037826538086,astar
10,0.2895046749205223,93,6.413459777832031e-05,50,9.775161743164062e-05,74,3.2901763916015625e-05,50,8.702278137207031e-05,102,0.02514195442199707,astar
20,0.22351058145486136,157,0.0002422332763671875,112,0.0003771781921386719,179,5.0067901611328125e-05,112,0.00036597251892089844,206,0.04358410835266113,astar
10,0.24118733334533865,93,5.3882598876953125e-05,57,8.082389831542969e-05,61,2.384185791015625e-05,57,7.390975952148438e-05,105,0.020650148391723633,astar
20,0.23154372214589633,172,0.00019884109497070312,121,0.0003159046173095703,186,5.507469177246094e-05,121,0.0003058910369873047,219,0.043237924575805664,astar
20,0.2522332880539009,166,0.0002429485321044922,136,0.00036787986755371094,193,4.8160552978515625e-05,136,0.00036907196044921875,,0.03949427604675293,ucs
20,0.27724410975591235,201,0.00020885467529296875,134,0.0003190040588378906,200,4.982948303222656e-05,134,0.00035309791564941406,,0.05431795120239258,ucs
10,0.24823435208234174,97,5.7220458984375e-05,67,7.891654968261719e-05,76,2.7894973754882812e-05,67,8.416175842285156e-05,88,0.021284103393554688,ucs
20,0.21577051644275386,181,0.0002512931823730469,112,0.0003941059112548828,187,4.506111145019531e-05,112,0.0003719329833984375,,0.04450583457946777,astar
10,0.2835804425961278,85,5.2928924560546875e-05,74,7.987022399902344e-05,81,2.09808349609375e-05,74,8.20159912109375e-05,117,0.029580116271972656,ucs
20,0.2608346072443284,172,0.00023818016052246094,125,0.00036978721618652344,197,8.082389831542969e-05,125,0.00038504600524902344,,0.0462801456451416,ucs
20,0.29296291361494087,177,0.00023412704467773438,124,0.0003552436828613281,225,5.507469177246094e-05,124,0.0003719329833984375,,0.045867919921875,ucs
20,0.3345804011872322,219,0.0002052783966064453,189,0.0002968311309814453,207,7.891654968261719e-05,189,0.0003147125244140625,,0.03254103660583496,ucs
20,0.24571992707158366,188,0.00025200843811035156,112,0.00034308433532714844,199,5.507469177246094e-05,112,0.0003600120544433594,155,0.04976797103881836,ucs
20,0.2500579125263739,184,0.0002110004425048828,143,0.00022602081298828125,205,4.9114227294921875e-05,143,0.0002009868621826172,,0.05487418174743652,astar
20,0.24399136672039157,219,0.0002448558807373047,126,0.0003578662872314453,169,8.296966552734375e-05,126,0.0003898143768310547,,0.04678177833557129,ucs
10,0.2887256059336606,79,4.076957702636719e-05,70,5.1975250244140625e-05,79,2.6226043701171875e-05,70,4.887580871582031e-05,79,0.024884939193725586,astar
10,0.27266122526990644,96,5.817413330078125e-05,85,8.225440979003906e-05,116,5.1021575927734375e-05,85,8.082389831542969e-05,100,0.028306961059570312,astar
20,0.34298132565479106,187,0.00016379356384277344,187,0.00025081634521484375,243,6.914138793945312e-05,187,0.0002620220184326172,,0.02880716323852539,bfs
10,0.36891349150608466,90,4.1961669921875e-05,83,5.888938903808594e-05,91,2.5033950805664062e-05,83,5.6743621826171875e-05,94,0.02236318588256836,astar
20,0.25893219430571535,191,0.00023317337036132812,139,0.00033926963806152344,199,5.817413330078125e-05,139,0.0003578662872314453,,0.04398202896118164,ucs
20,0.26918318215043446,152,0.00022292137145996094,128,0.00030422210693359375,174,4.410743713378906e-05,128,0.0003159046173095703,,0.051223039627075195,ucs
10,0.22334992276927174,86,6.508827209472656e-05,59,9.107589721679688e-05,108,3.504753112792969e-05,59,9.298324584960938e-05,127,0.019372224807739258,ucs
10,0.34226930907858694,97,5.1975250244140625e-05,96,8.392333984375e-05,129,3.695487976074219e-05,96,8.606910705566406e-05,140,0.023598670959472656,ucs
20,0.24613233161607867,158,0.00023126602172851562,123,0.0003528594970703125,158,4.506111145019531e-05,123,0.00037598609924316406,249,0.04308009147644043,ucs
10,0.2954634274208816,89,5.412101745605469e-05,59,8.392333984375e-05,78,2.6226043701171875e-05,59,7.510185241699219e-05,130,0.022111892700195312,astar
20,0.2756367662368227,211,0.00023508071899414062,164,0.00034689903259277344,197,6.628036499023438e-05,164,0.00037097930908203125,,0.027813196182250977,ucs
10,0.20677127973622672,90,5.5789947509765625e-05,74,8.58306884765625e-05,77,2.5033950805664062e-05,74,8.988380432128906e-05,219,0.029102087020874023,ucs
10,0.28322216524554056,63,5.078315734863281e-05,61,6.389617919921875e-05,91,3.504753112792969e-05,61,6.103515625e-05,61,0.02860403060913086,astar
20,0.309903316564133,174,0.0002307891845703125,139,0.0003390312194824219,181,6.4849853515625e-05,139,0.00033926963806152344,,0.05088305473327637,ucs
20,0.23185915016937192,197,0.00024008750915527344,145,0.0003769397735595703,213,7.486343383789062e-05,145,0.00041294097900390625,,0.052185773849487305,ucs
20,0.2711486062689423,162,0.00024819374084472656,111,0.00037407875061035156,207,6.222724914550781e-05,111,0.0003261566162109375,,0.027792930603027344,astar
20,0.23874378917426614,195,0.0002410411834716797,176,0.0003712177276611328,279,9.226799011230469e-05,176,0.0004048347473144531,270,0.04304218292236328,ucs
10,0.274322687801544,81,5.698204040527344e-05,52,7.605552673339844e-05,75,2.8133392333984375e-05,52,6.818771362304688e-05,91,0.024480104446411133,astar
20,0.2983828759045287,195,0.0002219676971435547,141,0.0003299713134765625,291,6.508827209472656e-05,141,0.0003237724304199219,,0.023296833038330078,astar
20,0.38510234206318184,152,0.00012993812561035156,138,0.0001850128173828125,171,5.1021575927734375e-05,138,0.00018024444580078125,,0.021305084228515625,astar
10,0.41545502165296555,104,3.4809112548828125e-05,85,5.1021575927734375e-05,88,1.8358230590820312e-05,85,5.984306335449219e-05,99,0.021194934844970703,ucs
10,0.33737111744918036,87,5.2928924560546875e-05,60,8.511543273925781e-05,94,2.8133392333984375e-05,60,7.390975952148438e-05,109,0.027369022369384766,astar
20,0.2500961358100411,167,0.0002391338348388672,103,0.0003609657287597656,160,5.364418029785156e-05,103,0.00036716461181640625,210,0.029619216918945312,ucs
20,0.22341063240430437,152,0.00023603439331054688,140,0.0003399848937988281,183,5.1975250244140625e-05,140,0.0003421306610107422,201,0.04795479774475098,ucs
20,0.2941956103761218,168,0.0002300739288330078,137,0.0003330707550048828,224,4.887580871582031e-05,137,0.0003361701965332031,196,0.03962993621826172,ucs
20,0.32619448537056583,172,0.000209808349609375,164,0.0003120899200439453,171,5.91278076171875e-05,164,0.000331878662109375,,0.02372908592224121,ucs
20,0.29808577625695465,211,0.00021910667419433594,163,0.0003142356872558594,192,9.298324584960938e-05,163,0.0003228187561035156,,0.02691793441772461,ucs
10,0.2300571364487411,90,4.696846008300781e-05,72,6.222724914550781e-05,92,2.1696090698242188e-05,72,6.198883056640625e-05,143,0.024725914001464844,astar
10,0.29530591993573474,82,6.508827209472656e-05,54,8.893013000488281e-05,75,2.5987625122070312e-05,54,8.702278137207031e-05,84,0.027994155883789062,astar
10,0.27469428295006093,94,5.1021575927734375e-05,77,6.604194641113281e-05,99,2.3126602172851562e-05,77,6.008148193359375e-05,115,0.02461075782775879,astar
10,0.418518230082262,97,3.981590270996094e-05,85,5.8650970458984375e-05,103,2.5033950805664062e-05,85,6.4849853515625e-05,131,0.026154756546020508,ucs
10,0.2266429835761192,84,6.103515625e-05,68,8.821487426757812e-05,96,2.09808349609375e-05,68,8.821487426757812e-05,78,0.02860403060913086,ucs
10,0.23460442887602695,81,5.507469177246094e-05,80,8.082389831542969e-05,106,2.8133392333984375e-05,80,7.700920104980469e-05,155,0.02528691291809082,astar
10,0.3534454018642453,79,5.221366882324219e-05,60,6.914138793945312e-05,94,2.193450927734375e-05,60,7.009506225585938e-05,94,0.02054595947265625,ucs
10,0.20063755327837568,89,5.078315734863281e-05,88,7.081031799316406e-05,131,2.2172927856445312e-05,88,6.985664367675781e-05,148,0.03187727928161621,astar
10,0.22732164561032153,65,5.412101745605469e-05,54,7.724761962890625e-05,59,2.6226043701171875e-05,54,6.914138793945312e-05,67,0.024682998657226562,astar
10,0.34304815182162013,70,5.316734313964844e-05,59,7.104873657226562e-05,63,2.5987625122070312e-05,59,6.890296936035156e-05,84,0.024641990661621094,astar
10,0.36657084362975667,83,4.57763671875e-05,67,6.008148193359375e-05,72,3.6716461181640625e-05,67,5.984306335449219e-05,113,0.025439977645874023,astar
10,0.34797809519214284,90,3.5762786865234375e-05,70,5.412101745605469e-05,79,2.193450927734375e-05,70,5.602836608886719e-05,103,0.023294925689697266,ucs
20,0.22709087784276008,167,0.00024199485778808594,130,0.00037384033203125,172,6.008148193359375e-05,130,0.0003991127014160156,251,0.050750017166137695,ucs
20,0.30774850856221436,191,0.00021195411682128906,160,0.00030732154846191406,206,6.222724914550781e-05,160,0.00033211708068847656,248,0.030255794525146484,ucs
20,0.37701370858063943,161,0.0002079010009765625,139,0.00029015541076660156,171,5.0067901611328125e-05,139,0.00030493736267089844,205,0.02910900115966797,ucs
20,0.29047010150292296,190,0.00019407272338867188,121,0.000270843505859375,168,5.1975250244140625e-05,121,0.00025963783264160156,231,0.04747295379638672,astar
20,0.28623394111361156,180,0.0002090930938720703,127,0.0002918243408203125,219,7.081031799316406e-05,127,0.0003120899200439453,,0.0645449161529541,ucs
20,0.25771267507859597,174,0.00022912025451660156,143,0.00033402442932128906,179,4.38690185546875e-05,143,0.0002887248992919922,197,0.0440220832824707,astar
10,0.30070385446980796,69,6.198883056640625e-05,67,9.012222290039062e-05,85,1.811981201171875e-05,67,8.797645568847656e-05,96,0.022500038146972656,astar
20,0.2993061101255461,182,0.00019288063049316406,144,0.0002598762512207031,177,5.5789947509765625e-05,144,0.00026702880859375,,0.01840686798095703,ucs
10,0.31334474585487354,83,5.6743621826171875e-05,62,8.487701416015625e-05,89,2.2172927856445312e-05,62,8.106231689453125e-05,82,0.02179408073425293,astar
10,0.2518765197721134,108,5.793571472167969e-05,59,7.82012939453125e-05,77,2.09808349609375e-05,59,7.224082946777344e-05,97,0.025364160537719727,astar
20,0.30575166342474924,155,0.00024175643920898438,131,0.00035309791564941406,244,6.461143493652344e-05,131,0.0003781318664550781,,0.04891800880432129,ucs
20,0.2223030152110008,183,0.00025582313537597656,117,0.0003960132598876953,188,5.173683166503906e-05,117,0.0004279613494873047,,0.04932212829589844,ucs
20,0.3082774455746086,166,0.0001518726348876953,152,0.0002090930938720703,202,6.914138793945312e-05,152,0.00022101402282714844,,0.047609806060791016,ucs
10,0.43858184935075084,76,4.100799560546875e-05,67,5.698204040527344e-05,69,2.002716064453125e-05,67,6.198883056640625e-05,98,0.026544809341430664,ucs
20,0.2753566675265779,159,0.0002219676971435547,133,0.0003459453582763672,197,6.723403930664062e-05,133,0.0003190040588378906,,0.040763139724731445,astar
10,0.20148935012414887,80,5.3882598876953125e-05,54,6.699562072753906e-05,86,2.7179718017578125e-05,54,6.29425048828125e-05,97,0.01999497413635254,astar
20,0.23360739546553383,153,0.00024509429931640625,119,0.0003781318664550781,207,5.602836608886719e-05,119,0.0003829002380371094,230,0.046710968017578125,ucs
10,0.29955391578854984,61,5.507469177246094e-05,50,7.796287536621094e-05,68,2.7179718017578125e-05,50,6.508827209472656e-05,65,0.024677276611328125,astar
20,0.3342773196518332,213,0.0001881122589111328,188,0.0003001689910888672,212,6.67572021484375e-05,188,0.00031185150146484375,,0.018666982650756836,ucs
20,0.342327890941824,175,0.000209808349609375,139,0.0003046989440917969,220,9.202957153320312e-05,139,0.0002849102020263672,,0.054651737213134766,astar
20,0.2926358915554912,183,0.00019407272338867188,165,0.00026798248291015625,272,6.794929504394531e-05,165,0.0002918243408203125,338,0.03875994682312012,ucs
10,0.3784093647276007,78,3.504753112792969e-05,71,5.2928924560546875e-05,82,2.3126602172851562e-05,71,5.4836273193359375e-05,82,0.02187204360961914,ucs
10,0.3594930339320762,90,5.4836273193359375e-05,76,8.0108642578125e-05,94,1.8835067749023438e-05,76,8.487701416015625e-05,109,0.025896787643432617,ucs
20,0.2708887687262618,162,0.0002338886260986328,129,0.00033211708068847656,173,5.2928924560546875e-05,129,0.0002872943878173828,,0.0672159194946289,astar
20,0.2001490152731033,169,0.00026226043701171875,135,0.0004253387451171875,208,5.1975250244140625e-05,135,0.0004057884216308594,,0.053185224533081055,astar
10,0.3071269717622758,84,5.602836608886719e-05,76,8.0108642578125e-05,85,1.9073486328125e-05,76,7.677078247070312e-05,104,0.024177074432373047,astar
20,0.24785365095524986,199,0.0002529621124267578,123,0.0003819465637207031,225,6.4849853515625e-05,123,0.00040912628173828125,,0.04401087760925293,ucs
20,0.23066326568113052,150,0.00023984909057617188,124,0.0003540515899658203,209,5.698204040527344e-05,124,0.00037288665771484375,407,0.0608210563659668,ucs
10,0.4645710806380647,64,4.100799560546875e-05,64,6.413459777832031e-05,64,2.1696090698242188e-05,64,6.103515625e-05,77,0.023621797561645508,greedy
20,0.21177412769523993,146,0.0006010532379150391,116,0.0005409717559814453,167,5.507469177246094e-05,116,0.0004379749298095703,,0.05248069763183594,astar
20,0.2856622827808834,194,0.00016379356384277344,153,0.00024700164794921875,214,5.125999450683594e-05,153,0.0002810955047607422,205,0.048619985580444336,ucs
10,0.2476496530170519,74,5.507469177246094e-05,56,8.177757263183594e-05,67,2.4080276489257812e-05,56,7.414817810058594e-05,180,0.028924226760864258,astar
20,0.33406209635874984,205,0.00013399124145507812,174,0.00019097328186035156,216,5.4836273193359375e-05,174,0.00019502639770507812,,0.01874995231628418,ucs
10,0.24732237075457644,59,5.7697296142578125e-05,55,7.82012939453125e-05,94,4.315376281738281e-05,55,7.009506225585938e-05,64,0.02015995979309082,astar
10,0.29021607995078025,96,4.7206878662109375e-05,94,8.821487426757812e-05,102,3.790855407714844e-05,94,6.103515625e-05,126,0.03290128707885742,astar
10,0.22821190201723784,84,6.198883056640625e-05,67,0.00010275840759277344,112,3.0040740966796875e-05,67,0.00033783912658691406,104,0.05812692642211914,ucs
10,0.20747467105530173,67,0.00019502639770507812,66,0.00020003318786621094,83,2.4080276489257812e-05,66,0.00011277198791503906,89,0.042925119400024414,astar
20,0.32773047317721926,212,0.00019502639770507812,190,0.0002837181091308594,208,6.29425048828125e-05,190,0.0005860328674316406,,0.06994295120239258,ucs
20,0.20990935017592977,182,0.000270843505859375,127,0.0004858970642089844,194,6.890296936035156e-05,127,0.0004520416259765625,,0.05124926567077637,astar
10,0.2708134050428277,98,5.1975250244140625e-05,86,8.177757263183594e-05,103,2.5033950805664062e-05,86,8.296966552734375e-05,146,0.02759408950805664,ucs
10,0.2533713002580313,114,5.793571472167969e-05,87,6.914138793945312e-05,110,2.47955322265625e-05,87,5.507469177246094e-05,120,0.026659727096557617,astar
10,0.37423995633108975,71,3.719329833984375e-05,58,5.1975250244140625e-05,58,3.0994415283203125e-05,58,4.887580871582031e-05,71,0.022194862365722656,greedy
20,0.28277205726179855,221,0.00021791458129882812,175,0.0003368854522705078,203,7.486343383789062e-05,175,0.00035500526428222656,220,0.04287409782409668,ucs
10,0.20917977611246472,89,6.389617919921875e-05,67,9.918212890625e-05,105,2.0265579223632812e-05,67,0.00010323524475097656,121,0.024982929229736328,ucs
20,0.2923376401706238,158,0.00021982192993164062,132,0.0003361701965332031,215,4.7206878662109375e-05,132,0.0003058910369873047,224,0.04482579231262207,astar
10,0.32792440575443293,91,5.412101745605469e-05,71,7.82012939453125e-05,77,2.193450927734375e-05,71,6.079673767089844e-05,103,0.0224456787109375,astar
10,0.46338032200872886,80,4.100799560546875e-05,78,6.198883056640625e-05,93,3.814697265625e-05,78,5.507469177246094e-05,101,0.028855085372924805,astar
10,0.2290307902831523,82,5.4836273193359375e-05,69,8.20159912109375e-05,91,2.3126602172851562e-05,69,6.127357482910156e-05,124,0.03367900848388672,astar
10,0.24061214143933732,104,4.792213439941406e-05,75,5.91278076171875e-05,92,2.47955322265625e-05,75,6.008148193359375e-05,141,0.02315211296081543,ucs
20,0.20201682187747905,215,0.0002570152282714844,160,0.0004019737243652344,285,8.797645568847656e-05,160,0.0004379749298095703,,0.03228902816772461,ucs
10,0.21190509496068521,109,5.602836608886719e-05,65,7.390975952148438e-05,114,2.9087066650390625e-05,65,7.390975952148438e-05,142,0.027683019638061523,ucs
10,0.241311473389604,59,6.508827209472656e-05,49,9.012222290039062e-05,70,2.193450927734375e-05,49,8.678436279296875e-05,93,0.024146080017089844,astar
20,0.25345547467144075,178,0.00024199485778808594,136,0.00036597251892089844,213,5.412101745605469e-05,136,0.0004029273986816406,,0.03750801086425781,ucs
10,0.2649946186199449,70,5.2928924560546875e-05,49,6.914138793945312e-05,78,2.002716064453125e-05,49,6.29425048828125e-05,83,0.02333688735961914,astar
10,0.271225527713557,88,5.793571472167969e-05,71,8.416175842285156e-05,75,2.5987625122070312e-05,71,8.511543273925781e-05,91,0.027431726455688477,ucs
10,0.22283521227744216,81,6.985664367675781e-05,47,0.00010609626770019531,129,3.314018249511719e-05,47,0.00011301040649414062,76,0.02598285675048828,ucs
20,0.3322954842367176,183,0.0001201629638671875,181,0.00017309188842773438,189,5.2928924560546875e-05,181,0.00018906593322753906,,0.019724130630493164,ucs
10,0.35768377757194697,70,5.1975250244140625e-05,67,7.891654968261719e-05,69,1.8835067749023438e-05,67,8.797645568847656e-05,116,0.030032873153686523,ucs
20,0.36965660999147565,179,0.00015997886657714844,144,0.00023698806762695312,186,6.103515625e-05,144,0.00023603439331054688,,0.02209615707397461,astar
20,0.20696767582075876,161,0.00026488304138183594,112,0.0003979206085205078,213,5.602836608886719e-05,112,0.0004711151123046875,,0.05293726921081543,ucs
10,0.22742142198376497,82,6.008148193359375e-05,73,7.987022399902344e-05,88,2.574920654296875e-05,73,7.915496826171875e-05,150,0.033329010009765625,astar
10,0.41752966087555643,91,5.030632019042969e-05,79,6.4849853515625e-05,81,2.5987625122070312e-05,79,6.198883056640625e-05,91,0.023529767990112305,astar
20,0.27409467964797507,155,0.00023317337036132812,122,0.0003571510314941406,165,7.200241088867188e-05,122,0.00033974647521972656,,0.04301118850708008,astar
10,0.23181231066530697,93,6.008148193359375e-05,79,9.274482727050781e-05,117,2.7179718017578125e-05,79,9.870529174804688e-05,101,0.024657011032104492,ucs
10,0.3637727065597477,110,4.57763671875e-05,110,6.914138793945312e-05,131,3.5762786865234375e-05,110,7.081031799316406e-05,125,0.028434038162231445,bfs
20,0.2518046422446622,160,0.00020503997802734375,132,0.0003249645233154297,235,6.198883056640625e-05,132,0.0004057884216308594,188,0.04416704177856445,ucs
20,0.25809792821547195,180,0.00022602081298828125,118,0.0003159046173095703,186,6.198883056640625e-05,118,0.0003437995910644531,278,0.056780099868774414,ucs
20,0.25887213833628037,163,0.00023412704467773438,129,0.00037288665771484375,173,5.3882598876953125e-05,129,0.0003631114959716797,255,0.04495716094970703,astar
20,0.2886021227080362,192,0.00020599365234375,153,0.00034618377685546875,205,5.316734313964844e-05,153,0.000347137451171875,,0.030774831771850586,ucs
10,0.3121149137394791,109,5.793571472167969e-05,84,8.893013000488281e-05,104,3.0040740966796875e-05,84,9.179115295410156e-05,117,0.02148294448852539,ucs
10,0.28008885330157335,105,7.081031799316406e-05,82,9.799003601074219e-05,91,2.09808349609375e-05,82,9.012222290039062e-05,134,0.023382902145385742,astar
10,0.34450509144169605,66,4.291534423828125e-05,48,5.817413330078125e-05,87,2.384185791015625e-05,48,5.2928924560546875e-05,137,0.018833160400390625,astar
20,0.2647348565607391,166,0.00017499923706054688,148,0.0002532005310058594,182,6.508827209472656e-05,148,0.00024080276489257812,,0.04655885696411133,astar
10,0.20273866166805804,71,6.29425048828125e-05,56,9.608268737792969e-05,84,2.002716064453125e-05,56,9.226799011230469e-05,122,0.02248406410217285,astar
10,0.310050896528543,66,6.389617919921875e-05,66,7.987022399902344e-05,100,2.4080276489257812e-05,66,8.177757263183594e-05,108,0.023348093032836914,bfs
10,0.2213942361645689,76,6.008148193359375e-05,70,8.916854858398438e-05,87,2.2649765014648438e-05,70,9.918212890625e-05,145,0.022780895233154297,ucs
10,0.24955814474686863,100,6.008148193359375e-05,90,9.083747863769531e-05,98,4.1961669921875e-05,90,8.893013000488281e-05,137,0.02818775177001953,astar
10,0.25203147973235884,70,6.031990051269531e-05,61,8.988380432128906e-05,88,2.193450927734375e-05,61,9.393692016601562e-05,102,0.02308511734008789,ucs
20,0.3881548240731788,211,0.00019478797912597656,190,0.00026297569274902344,219,5.91278076171875e-05,190,0.0002758502960205078,256,0.048243045806884766,ucs
20,0.2556258282073749,195,0.00024700164794921875,132,0.0003650188446044922,198,5.817413330078125e-05,132,0.0003657341003417969,276,0.04655313491821289,ucs
20,0.2348184564570744,235,0.000247955322265625,169,0.0003719329833984375,259,5.507469177246094e-05,169,0.00041174888610839844,,0.027011871337890625,ucs
10,0.44220540924079066,68,4.9114227294921875e-05,59,7.009506225585938e-05,72,3.409385681152344e-05,59,6.794929504394531e-05,144,0.023323774337768555,astar
10,0.29951349774054936,88,5.412101745605469e-05,65,6.985664367675781e-05,83,2.5987625122070312e-05,65,7.581710815429688e-05,100,0.02446889877319336,ucs
10,0.23204395563624702,87,5.316734313964844e-05,63,7.128715515136719e-05,91,2.002716064453125e-05,63,6.866455078125e-05,110,0.025374889373779297,astar
20,0.3044032362912199,185,0.00020194053649902344,146,0.0002989768981933594,194,5.91278076171875e-05,146,0.0003151893615722656,286,0.04450201988220215,ucs
20,0.3161134962283221,206,0.0001499652862548828,205,0.0002009868621826172,264,0.00011706352233886719,205,0.0002090930938720703,,0.02840900421142578,ucs
10,0.2283247704185734,98,5.1021575927734375e-05,93,7.390975952148438e-05,107,5.698204040527344e-05,93,7.772445678710938e-05,102,0.025784969329833984,ucs
10,0.3931904664551733,78,3.409385681152344e-05,74,5.602836608886719e-05,78,2.193450927734375e-05,74,5.412101745605469e-05,80,0.02058577537536621,astar
10,0.29569906181323186,81,5.507469177246094e-05,68,8.511543273925781e-05,86,2.6941299438476562e-05,68,8.797645568847656e-05,75,0.024085044860839844,ucs
10,0.22226747703392477,90,6.604194641113281e-05,72,0.00010204315185546875,109,2.193450927734375e-05,72,9.608268737792969e-05,125,0.021554946899414062,astar
20,0.3623697282180871,194,0.00017309188842773438,194,0.0002586841583251953,213,8.487701416015625e-05,194,0.00025081634521484375,,0.0465240478515625,bfs
20,0.2792344175504703,145,0.00019598007202148438,145,0.0002841949462890625,171,5.888938903808594e-05,145,0.0002582073211669922,233,0.05652928352355957,bfs
20,0.34034226185103267,265,0.0001800060272216797,225,0.00026798248291015625,241,6.103515625e-05,225,0.0002918243408203125,,0.026824951171875,ucs
10,0.4473016418459504,70,3.504753112792969e-05,61,3.981590270996094e-05,77,2.4080276489257812e-05,61,3.719329833984375e-05,79,0.024637937545776367,astar
10,0.2678248488830112,92,4.57763671875e-05,84,6.103515625e-05,88,2.3126602172851562e-05,84,5.91278076171875e-05,88,0.025673866271972656,astar
20,0.31237487555547155,133,0.00021123886108398438,109,0.00029397010803222656,153,7.200241088867188e-05,109,0.0002639293670654297,,0.045794010162353516,astar
10,0.25488501660314145,74,5.1975250244140625e-05,68,7.510185241699219e-05,114,2.3126602172851562e-05,68,8.082389831542969e-05,120,0.022852182388305664,ucs
10,0.2416483029162342,94,5.4836273193359375e-05,65,8.0108642578125e-05,85,2.002716064453125e-05,65,7.390975952148438e-05,106,0.02548360824584961,astar
20,0.28851798677972523,155,0.0001838207244873047,132,0.000263214111328125,173,4.506111145019531e-05,132,0.0002551078796386719,236,0.04840874671936035,astar
20,0.30027304528802395,191,0.00021910667419433594,158,0.0003337860107421875,220,5.3882598876953125e-05,158,0.00035309791564941406,,0.04107308387756348,ucs
10,0.21876733255910902,63,6.103515625e-05,61,8.988380432128906e-05,84,2.09808349609375e-05,61,9.393692016601562e-05,89,0.026979923248291016,ucs
10,0.20661010232495497,96,6.389617919921875e-05,74,9.298324584960938e-05,98,2.2172927856445312e-05,74,9.703636169433594e-05,121,0.02779102325439453,ucs
10,0.2450778172793791,89,5.2928924560546875e-05,58,7.987022399902344e-05,62,3.0994415283203125e-05,58,8.225440979003906e-05,93,0.02337932586669922,ucs
20,0.24966680931566027,158,0.00024819374084472656,122,0.00038313865661621094,202,5.5789947509765625e-05,122,0.000408172607421875,242,0.04674386978149414,ucs
10,0.25039226029040473,68,5.984306335449219e-05,57,8.702278137207031e-05,81,2.3126602172851562e-05,57,9.608268737792969e-05,104,0.025079965591430664,ucs
20,0.2754980199176953,210,0.00022983551025390625,148,0.0003478527069091797,210,5.2928924560546875e-05,148,0.0003960132598876953,,0.031778812408447266,ucs
20,0.24612753766954742,160,0.0002529621124267578,103,0.00036406517028808594,179,5.1975250244140625e-05,103,0.0003733634948730469,227,0.04716324806213379,ucs
20,0.21291232505153757,182,0.00025010108947753906,108,0.00038123130798339844,260,6.604194641113281e-05,108,0.0003540515899658203,242,0.055336952209472656,astar
20,0.29302560128752253,211,0.0002219676971435547,178,0.0003311634063720703,232,5.1975250244140625e-05,178,0.0003592967987060547,,0.02520895004272461,ucs
10,0.2507071925605281,83,5.91278076171875e-05,61,8.392333984375e-05,74,1.8835067749023438e-05,61,8.7738037109375e-05,90,0.025025129318237305,ucs
10,0.3228891313022435,60,6.198883056640625e-05,55,8.487701416015625e-05,100,5.2928924560546875e-05,55,8.893013000488281e-05,64,0.023375272750854492,ucs
20,0.46366182185230875,164,9.322166442871094e-05,162,0.0001342296600341797,213,7.081031799316406e-05,162,0.00014281272888183594,217,0.04496312141418457,ucs
20,0.3287332890855239,182,0.00019407272338867188,144,0.00026106834411621094,225,7.009506225585938e-05,144,0.0002808570861816406,229,0.03996014595031738,ucs
10,0.24450583147962085,58,6.29425048828125e-05,51,9.083747863769531e-05,79,2.1219253540039062e-05,51,9.179115295410156e-05,97,0.026100873947143555,ucs
10,0.32152149959066934,64,5.4836273193359375e-05,61,8.106231689453125e-05,78,2.5987625122070312e-05,61,8.511543273925781e-05,98,0.02621293067932129,ucs
10,0.23278624176909846,99,4.482269287109375e-05,77,6.604194641113281e-05,100,2.5987625122070312e-05,77,6.771087646484375e-05,110,0.024839162826538086,ucs
10,0.37175815866992534,85,5.7220458984375e-05,51,6.413459777832031e-05,51,2.002716064453125e-05,51,5.698204040527344e-05,109,0.021420955657958984,greedy
20,0.3396073587642288,167,0.00020813941955566406,135,0.000308990478515625,153,6.914138793945312e-05,135,0.0003058910369873047,,0.044725894927978516,astar
20,0.2993552757274079,173,0.00017189979553222656,141,0.0002791881561279297,202,5.0067901611328125e-05,141,0.00022101402282714844,,0.0330047607421875,astar
10,0.2849980627555359,103,6.198883056640625e-05,52,8.916854858398438e-05,81,1.8835067749023438e-05,52,7.390975952148438e-05,133,0.025093793869018555,astar
20,0.22107281481154256,182,0.00024127960205078125,134,0.0003650188446044922,210,4.8160552978515625e-05,134,0.0003712177276611328,227,0.03569626808166504,ucs
10,0.2563719444921385,66,5.817413330078125e-05,53,7.390975952148438e-05,72,4.458427429199219e-05,53,6.508827209472656e-05,77,0.02365708351135254,astar
10,0.3280951432088556,86,5.1021575927734375e-05,76,7.605552673339844e-05,94,2.193450927734375e-05,76,7.987022399902344e-05,92,0.02346014976501465,ucs
20,0.20680298553453388,187,0.00027108192443847656,92,0.00039386749267578125,118,4.7206878662109375e-05,92,0.00036978721618652344,195,0.05240201950073242,astar
10,0.3511148529640246,80,4.887580871582031e-05,72,7.176399230957031e-05,83,3.0994415283203125e-05,72,7.200241088867188e-05,86,0.02242588996887207,ucs
20,0.2028148906418064,163,0.000244140625,142,0.0003790855407714844,228,4.887580871582031e-05,142,0.0003981590270996094,,0.07072281837463379,ucs
20,0.34403436797887965,178,0.00044274330139160156,142,0.00042319297790527344,213,0.00012493133544921875,142,0.0006890296936035156,232,0.050829172134399414,ucs
20,0.3084338711021154,142,0.00018477439880371094,136,0.0002810955047607422,185,4.8160552978515625e-05,136,0.00029969215393066406,,0.045918941497802734,ucs
10,0.24334270149453846,61,7.224082946777344e-05,54,9.584426879882812e-05,96,2.4080276489257812e-05,54,9.489059448242188e-05,82,0.02458977699279785,astar
10,0.2322582368293142,87,6.508827209472656e-05,47,8.678436279296875e-05,74,2.7179718017578125e-05,47,6.985664367675781e-05,148,0.026318788528442383,astar
20,0.21741948354289078,216,0.00027108192443847656,160,0.0003921985626220703,185,5.1975250244140625e-05,160,0.0003809928894042969,,0.05004596710205078,astar
20,0.26595146441535317,164,0.00020384788513183594,151,0.00028896331787109375,189,4.38690185546875e-05,151,0.00032210350036621094,209,0.05179286003112793,ucs
10,0.27119055543135845,78,5.888938903808594e-05,50,7.867813110351562e-05,60,3.695487976074219e-05,50,7.486343383789062e-05,77,0.028641939163208008,astar
20,0.36944296972466234,185,0.00017571449279785156,183,0.0002551078796386719,194,5.078315734863281e-05,183,0.00023794174194335938,,0.014678955078125,astar
10,0.3428957826364559,74,4.410743713378906e-05,59,5.507469177246094e-05,68,4.00543212890625e-05,59,5.698204040527344e-05,70,0.020073890686035156,ucs
10,0.38461333300418665,76,3.933906555175781e-05,74,5.2928924560546875e-05,74,1.9788742065429688e-05,74,5.507469177246094e-05,74,0.021761178970336914,greedy
10,0.41494471482152695,112,4.1961669921875e-05,110,5.698204040527344e-05,121,2.5987625122070312e-05,110,5.817413330078125e-05,136,0.02672600746154785,ucs
20,0.2772278573455582,196,0.00023794174194335938,122,0.0003459453582763672,181,5.888938903808594e-05,122,0.0003399848937988281,,0.024920940399169922,astar
20,0.28045155628011936,235,0.00024390220642089844,172,0.0003571510314941406,210,4.9114227294921875e-05,172,0.0003998279571533203,287,0.05421590805053711,ucs
10,0.23390430443287927,77,5.7220458984375e-05,68,7.200241088867188e-05,72,1.8835067749023438e-05,68,6.198883056640625e-05,96,0.025125980377197266,astar
20,0.4360060385038752,185,0.0001621246337890625,178,0.00024509429931640625,293,0.00011515617370605469,178,0.00025773048400878906,,0.030157089233398438,ucs
10,0.41137287150532587,81,5.412101745605469e-05,70,7.510185241699219e-05,74,2.09808349609375e-05,70,7.700920104980469e-05,105,0.024374008178710938,ucs
10,0.23258199482169079,56,5.698204040527344e-05,55,7.510185241699219e-05,94,4.100799560546875e-05,55,7.390975952148438e-05,56,0.024470806121826172,astar
20,0.2730108998281223,172,0.0002162456512451172,127,0.00032210350036621094,229,7.891654968261719e-05,127,0.0003230571746826172,,0.04092907905578613,ucs
20,0.2671431934785853,159,0.0002300739288330078,123,0.0003139972686767578,157,5.793571472167969e-05,123,0.00032210350036621094,275,0.04552412033081055,ucs
20,0.21683590244735268,141,0.0002391338348388672,99,0.0003628730773925781,154,5.1975250244140625e-05,99,0.0003459453582763672,184,0.04621577262878418,astar
10,0.2537565711767765,78,5.507469177246094e-05,69,5.984306335449219e-05,73,2.288818359375e-05,69,4.76837158203125e-05,102,0.030553102493286133,astar
20,0.2656824932592941,198,0.0002548694610595703,127,0.0003960132598876953,214,5.888938903808594e-05,127,0.0004317760467529297,187,0.04837799072265625,ucs
10,0.35158767707953564,52,4.00543212890625e-05,46,5.698204040527344e-05,55,2.5272369384765625e-05,46,5.316734313964844e-05,72,0.02585601806640625,astar
10,0.39543122487801985,88,5.078315734863281e-05,72,7.486343383789062e-05,76,3.0994415283203125e-05,72,7.891654968261719e-05,102,0.0313258171081543,ucs
10,0.30554588190238224,97,5.1021575927734375e-05,79,7.700920104980469e-05,88,2.5033950805664062e-05,79,7.581710815429688e-05,100,0.02395009994506836,astar
20,0.3245858443586178,156,0.00020503997802734375,134,0.00029277801513671875,185,6.389617919921875e-05,134,0.000308990478515625,187,0.039247751235961914,ucs
20,0.2162936777910092,200,0.0002529621124267578,116,0.0003819465637207031,182,5.1021575927734375e-05,116,0.00040602684020996094,,0.04464006423950195,ucs
20,0.23706360336389304,168,0.0001990795135498047,130,0.00029206275939941406,210,8.320808410644531e-05,130,0.0003020763397216797,209,0.04180502891540527,ucs
10,0.2790257528357988,83,5.412101745605469e-05,55,7.796287536621094e-05,65,2.002716064453125e-05,55,8.225440979003906e-05,76,0.02048182487487793,ucs
10,0.2219104531451062,81,6.413459777832031e-05,60,9.512901306152344e-05,82,2.4080276489257812e-05,60,9.179115295410156e-05,142,0.024283170700073242,astar
20,0.24691985934527438,185,0.00024390220642089844,132,0.0003571510314941406,164,5.91278076171875e-05,132,0.0003509521484375,,0.01991415023803711,astar
20,0.20124120909144938,152,0.00025010108947753906,114,0.0003428459167480469,164,5.1975250244140625e-05,114,0.00034499168395996094,285,0.06632399559020996,ucs
20,0.2649306226256659,160,0.00017571449279785156,155,0.0002429485321044922,186,0.00011396408081054688,155,0.0002338886260986328,203,0.03611111640930176,astar
10,0.4090859041230144,83,3.886222839355469e-05,81,5.984306335449219e-05,83,2.002716064453125e-05,81,6.508827209472656e-05,87,0.023015975952148438,ucs
10,0.29866728641734963,95,6.008148193359375e-05,76,0.00010418891906738281,99,2.8133392333984375e-05,76,8.296966552734375e-05,108,0.024696826934814453,astar
10,0.31672256968570955,84,4.7206878662109375e-05,72,6.699562072753906e-05,76,1.9073486328125e-05,72,5.412101745605469e-05,78,0.021759033203125,astar
10,0.30087009777566703,83,4.887580871582031e-05,55,7.414817810058594e-05,94,2.2172927856445312e-05,55,7.224082946777344e-05,77,0.02398395538330078,astar
20,0.27102688207022674,165,0.00023603439331054688,127,0.00036716461181640625,217,5.1021575927734375e-05,127,0.0003631114959716797,,0.031636953353881836,astar
20,0.329108008690559,172,0.00019097328186035156,153,0.0002651214599609375,161,5.2928924560546875e-05,153,0.0002701282501220703,,0.022299766540527344,ucs
20,0.2918791471781708,185,0.00012183189392089844,150,0.00016880035400390625,199,5.316734313964844e-05,150,0.00017189979553222656,,0.02277994155883789,ucs
20,0.2009577511328059,144,0.00023412704467773438,111,0.00033783912658691406,144,6.389617919921875e-05,111,0.0003390312194824219,219,0.03344893455505371,ucs
20,0.21116205696005974,183,0.0002658367156982422,148,0.00039577484130859375,218,5.602836608886719e-05,148,0.00044274330139160156,,0.034638166427612305,ucs
10,0.2546756856024762,92,6.29425048828125e-05,67,9.703636169433594e-05,74,2.09808349609375e-05,67,9.393692016601562e-05,93,0.023434877395629883,astar
20,0.35303132491401784,171,0.00018095970153808594,154,0.00025391578674316406,237,5.412101745605469e-05,154,0.0002658367156982422,234,0.038186073303222656,ucs
20,0.33123823671475794,272,0.00012922286987304688,226,0.00019598007202148438,274,0.00010395050048828125,226,0.00020194053649902344,,0.018035173416137695,ucs
20,0.2105952848685092,176,0.00025081634521484375,116,0.00038695335388183594,197,9.226799011230469e-05,116,0.0004138946533203125,,0.0433499813079834,ucs
10,0.2908116041638754,114,5.4836273193359375e-05,82,7.510185241699219e-05,96,3.409385681152344e-05,82,6.079673767089844e-05,92,0.022783994674682617,astar
20,0.3148779728667101,149,0.00020003318786621094,143,0.0003077983856201172,262,0.00012993812561035156,143,0.0003418922424316406,,0.03296399116516113,ucs
10,0.29256048471088514,96,5.888938903808594e-05,71,8.702278137207031e-05,104,4.506111145019531e-05,71,9.584426879882812e-05,88,0.02482295036315918,ucs
20,0.2621245935789429,162,0.00023889541625976562,144,0.0003619194030761719,264,8.916854858398438e-05,144,0.0003762245178222656,,0.024326801300048828,ucs
20,0.25080792099145416,192,0.000244140625,146,0.00037097930908203125,225,5.7220458984375e-05,146,0.00039887428283691406,,0.04422807693481445,ucs
20,0.21875821116379623,168,0.00025081634521484375,126,0.0003688335418701172,170,5.602836608886719e-05,126,0.00038123130798339844,,0.06508421897888184,ucs
10,0.38860276236310876,92,2.7179718017578125e-05,80,4.00543212890625e-05,84,2.002716064453125e-05,80,3.790855407714844e-05,91,0.02072596549987793,astar
10,0.4178366206259012,72,4.2438507080078125e-05,72,5.793571472167969e-05,92,2.193450927734375e-05,72,6.198883056640625e-05,83,0.021155834197998047,bfs
20,0.2937919536988361,165,0.00019311904907226562,125,0.0002789497375488281,166,5.412101745605469e-05,125,0.0002853870391845703,219,0.029429197311401367,ucs
20,0.219160570622116,183,0.0002491474151611328,147,0.0004107952117919922,244,6.699562072753906e-05,147,0.0004341602325439453,,0.018280029296875,ucs
20,0.3548611404856062,158,0.00018095970153808594,149,0.0002791881561279297,201,5.602836608886719e-05,149,0.00027489662170410156,196,0.02502894401550293,astar
10,0.3556715783751474,75,4.1961669921875e-05,62,4.506111145019531e-05,62,2.002716064453125e-05,62,4.673004150390625e-05,81,0.023388147354125977,greedy
10,0.3062441756866053,68,4.410743713378906e-05,66,6.29425048828125e-05,71,2.09808349609375e-05,66,4.982948303222656e-05,95,0.020334243774414062,astar
10,0.31466481061809837,95,5.1975250244140625e-05,77,7.319450378417969e-05,78,2.5033950805664062e-05,77,7.987022399902344e-05,94,0.024019241333007812,ucs
10,0.33867938828881106,85,4.00543212890625e-05,72,5.698204040527344e-05,108,2.2172927856445312e-05,72,5.2928924560546875e-05,127,0.020907878875732422,astar
10,0.2323616663967764,72,6.508827209472656e-05,50,9.918212890625e-05,60,2.6226043701171875e-05,50,9.799003601074219e-05,91,0.02967071533203125,astar
10,0.3128582719321443,76,3.814697265625e-05,76,5.412101745605469e-05,78,2.09808349609375e-05,76,5.7220458984375e-05,131,0.024029970169067383,bfs
10,0.22523559988414266,94,5.91278076171875e-05,63,8.797645568847656e-05,122,2.193450927734375e-05,63,9.179115295410156e-05,119,0.029612064361572266,ucs
10,0.24145844916078693,72,5.817413330078125e-05,54,9.202957153320312e-05,86,2.384185791015625e-05,54,9.489059448242188e-05,91,0.02698493003845215,ucs
20,0.2710663121733182,162,0.00022673606872558594,100,0.0002841949462890625,164,5.0067901611328125e-05,100,0.00024008750915527344,,0.04469013214111328,astar
10,0.25507903014049277,102,6.008148193359375e-05,82,8.797645568847656e-05,91,2.09808349609375e-05,82,9.298324584960938e-05,123,0.027240991592407227,ucs
20,0.36811779207468853,142,0.00015783309936523438,137,0.00022983551025390625,193,6.699562072753906e-05,137,0.0002391338348388672,,0.04090595245361328,ucs
20,0.24090247891711775,136,0.00022125244140625,134,0.0002982616424560547,190,7.033348083496094e-05,134,0.00030732154846191406,,0.05692887306213379,ucs
10,0.23576445227176293,67,5.817413330078125e-05,65,7.867813110351562e-05,119,3.886222839355469e-05,65,7.081031799316406e-05,72,0.022654294967651367,astar
10,0.25386608447308573,86,5.888938903808594e-05,77,7.081031799316406e-05,97,2.4080276489257812e-05,77,6.198883056640625e-05,85,0.026365995407104492,astar
20,0.23904074040346537,190,0.0002460479736328125,122,0.00036406517028808594,156,5.125999450683594e-05,122,0.00033473968505859375,284,0.04672384262084961,astar
10,0.23954410367500972,103,5.030632019042969e-05,76,6.985664367675781e-05,78,2.288818359375e-05,76,7.081031799316406e-05,97,0.024425983428955078,ucs
10,0.37328143702699684,105,5.793571472167969e-05,60,8.130073547363281e-05,63,4.792213439941406e-05,60,0.0001347064971923828,90,0.023871898651123047,ucs
20,0.272025091073655,174,0.00021505355834960938,141,0.0003190040588378906,205,9.179115295410156e-05,141,0.0003249645233154297,,0.0254669189453125,ucs
10,0.38551835278802454,60,3.981590270996094e-05,60,4.38690185546875e-05,60,2.3126602172851562e-05,60,4.291534423828125e-05,79,0.024261951446533203,greedy
10,0.3369167085282653,90,5.412101745605469e-05,81,8.20159912109375e-05,95,2.4080276489257812e-05,81,8.487701416015625e-05,113,0.029035091400146484,ucs
10,0.37253553504255854,84,4.220008850097656e-05,74,5.888938903808594e-05,89,3.1948089599609375e-05,74,5.6743621826171875e-05,85,0.021609783172607422,astar
10,0.2229925972730071,64,5.412101745605469e-05,37,7.009506225585938e-05,68,2.6941299438476562e-05,37,5.507469177246094e-05,93,0.021691083908081055,astar
20,0.28978816192352996,215,0.0001361370086669922,191,0.00020003318786621094,263,9.298324584960938e-05,191,0.00019979476928710938,,0.016546249389648438,astar
20,0.24416197262586198,204,0.0002491474151611328,148,0.00037288665771484375,276,6.580352783203125e-05,148,0.00037980079650878906,320,0.05186295509338379,ucs
10,0.37206107754558937,70,5.602836608886719e-05,65,6.604194641113281e-05,81,2.193450927734375e-05,65,5.91278076171875e-05,112,0.023955106735229492,astar
10,0.27149521582719915,67,6.29425048828125e-05,50,8.296966552734375e-05,91,2.5033950805664062e-05,50,7.390975952148438e-05,113,0.02636408805847168,astar
20,0.3482535777071381,207,0.0001919269561767578,170,0.00028586387634277344,199,8.225440979003906e-05,170,0.0003001689910888672,280,0.0398709774017334,ucs
20,0.21942708301509734,153,0.0002570152282714844,98,0.00037789344787597656,218,6.699562072753906e-05,98,0.0003838539123535156,,0.05106401443481445,ucs
10,0.2594532344907288,98,6.008148193359375e-05,66,8.702278137207031e-05,66,2.09808349609375e-05,66,9.393692016601562e-05,75,0.020045042037963867,greedy
10,0.42467727571043323,100,3.314018249511719e-05,100,5.030632019042969e-05,130,3.5762786865234375e-05,100,5.412101745605469e-05,130,0.030435800552368164,bfs
10,0.20947989065851808,83,6.008148193359375e-05,54,8.702278137207031e-05,72,4.38690185546875e-05,54,7.987022399902344e-05,72,0.019448041915893555,astar
20,0.28361851472909577,193,0.0002090930938720703,128,0.0003211498260498047,167,5.6743621826171875e-05,128,0.000331878662109375,,0.044257164001464844,ucs
20,0.25995231882742864,200,0.0002529621124267578,163,0.0003750324249267578,201,5.507469177246094e-05,163,0.00040602684020996094,,0.0615079402923584,ucs
20,0.2260295371702,127,0.00023317337036132812,107,0.000308990478515625,138,4.982948303222656e-05,107,0.00030803680419921875,,0.03160691261291504,astar
10,0.3158498166937387,113,4.601478576660156e-05,98,6.604194641113281e-05,100,3.1948089599609375e-05,98,6.4849853515625e-05,108,0.03272294998168945,astar
20,0.25913237655878685,200,0.00025010108947753906,128,0.0003731250762939453,161,6.079673767089844e-05,128,0.0004291534423828125,,0.048964738845825195,ucs
20,0.22563060434713184,190,0.00025200843811035156,127,0.00038623809814453125,211,8.511543273925781e-05,127,0.00043511390686035156,,0.0455012321472168,ucs
10,0.20764711074752842,84,6.723403930664062e-05,60,0.00010514259338378906,93,2.193450927734375e-05,60,0.00011181831359863281,150,0.022693872451782227,ucs
20,0.37596285100995996,196,0.00017499923706054688,182,0.0002377033233642578,215,6.699562072753906e-05,182,0.00024199485778808594,,0.012207746505737305,ucs
20,0.4117590411692862,212,0.0001232624053955078,198,0.00019502639770507812,209,4.887580871582031e-05,198,0.00019979476928710938,,0.01762104034423828,ucs
20,0.24689694551766617,163,0.0002601146697998047,134,0.0004038810729980469,161,5.507469177246094e-05,134,0.0004200935363769531,306,0.04541277885437012,ucs
20,0.26598317420471784,260,0.0002148151397705078,220,0.00028514862060546875,311,7.987022399902344e-05,220,0.00030493736267089844,349,0.030386924743652344,ucs
10,0.33601794916660055,66,5.2928924560546875e-05,53,8.392333984375e-05,74,3.1948089599609375e-05,53,8.177757263183594e-05,75,0.02550506591796875,astar
20,0.2629036771601728,159,0.00022983551025390625,154,0.00034499168395996094,238,0.0001049041748046875,154,0.0003509521484375,,0.015256166458129883,ucs
20,0.35455362995574446,160,0.00010704994201660156,160,0.00015997886657714844,188,5.1975250244140625e-05,160,0.00015687942504882812,,0.04543471336364746,bfs
10,0.3292069586344768,142,5.817413330078125e-05,117,8.225440979003906e-05,128,3.218650817871094e-05,117,8.869171142578125e-05,154,0.022426128387451172,ucs
10,0.22049683399495343,65,5.5789947509765625e-05,50,8.487701416015625e-05,92,2.6941299438476562e-05,50,8.225440979003906e-05,50,0.023340940475463867,astar
20,0.21126116097487677,199,0.00024509429931640625,120,0.00035691261291503906,163,4.7206878662109375e-05,120,0.0003299713134765625,218,0.05004596710205078,astar
10,0.26977573848338354,85,6.008148193359375e-05,68,9.226799011230469e-05,81,2.47955322265625e-05,68,9.608268737792969e-05,106,0.02248978614807129,ucs
10,0.403052996726583,111,5.1021575927734375e-05,86,5.984306335449219e-05,86,2.4080276489257812e-05,86,5.4836273193359375e-05,111,0.02375006675720215,greedy
20,0.24959741647127615,135,0.00021791458129882812,108,0.00032830238342285156,219,6.127357482910156e-05,108,0.00030803680419921875,,0.04283905029296875,astar
10,0.2227199786895119,87,5.698204040527344e-05,60,8.034706115722656e-05,89,2.288818359375e-05,60,7.295608520507812e-05,114,0.031083106994628906,astar
20,0.37584068387520464,181,0.00016689300537109375,152,0.00023698806762695312,206,5.888938903808594e-05,152,0.00019788742065429688,,0.011265993118286133,astar
20,0.25301416085690287,194,0.00023603439331054688,110,0.0003769397735595703,212,5.030632019042969e-05,110,0.00038504600524902344,247,0.05356597900390625,ucs
20,0.2319942381751909,150,0.00023698806762695312,137,0.0003688335418701172,217,6.198883056640625e-05,137,0.00039196014404296875,,0.050252676010131836,ucs
10,0.22364243401425885,70,6.389617919921875e-05,48,8.20159912109375e-05,83,2.5033950805664062e-05,48,7.772445678710938e-05,97,0.02340388298034668,astar
20,0.3281873910521911,206,0.00022673606872558594,131,0.00032591819763183594,164,5.078315734863281e-05,131,0.0003142356872558594,289,0.05636787414550781,astar
20,0.3414551404309841,195,0.00015592575073242188,185,0.00025010108947753906,191,6.29425048828125e-05,185,0.00021600723266601562,,0.028471946716308594,astar
10,0.299094632462169,77,5.817413330078125e-05,59,8.106231689453125e-05,75,2.09808349609375e-05,59,9.298324584960938e-05,69,0.022253036499023438,ucs
10,0.2378260017710891,70,5.984306335449219e-05,66,9.489059448242188e-05,116,2.47955322265625e-05,66,9.799003601074219e-05,151,0.023272037506103516,ucs
10,0.2881433768027732,67,4.6253204345703125e-05,67,5.2928924560546875e-05,88,2.288818359375e-05,67,4.601478576660156e-05,132,0.02210402488708496,astar
20,0.2413697224151203,167,0.0002460479736328125,127,0.0003757476806640625,213,6.008148193359375e-05,127,0.00039386749267578125,,0.05186605453491211,ucs
10,0.3458757766551058,66,4.792213439941406e-05,62,6.866455078125e-05,79,2.288818359375e-05,62,7.081031799316406e-05,83,0.0205380916595459,ucs
20,0.24395257778726886,182,0.0002460479736328125,126,0.0003597736358642578,218,5.602836608886719e-05,126,0.00038695335388183594,,0.04447007179260254,ucs
20,0.2006569458644023,194,0.00025200843811035156,140,0.00039005279541015625,214,5.1021575927734375e-05,140,0.00041174888610839844,,0.04877901077270508,ucs
10,0.315204697998756,85,3.910064697265625e-05,85,5.602836608886719e-05,103,2.7894973754882812e-05,85,4.982948303222656e-05,105,0.0205230712890625,bfs
10,0.4918636954310391,91,4.315376281738281e-05,80,5.793571472167969e-05,91,4.1961669921875e-05,80,5.698204040527344e-05,97,0.027216196060180664,astar
10,0.26806604686083,83,6.079673767089844e-05,54,8.487701416015625e-05,69,2.5272369384765625e-05,54,7.677078247070312e-05,97,0.025536060333251953,astar
10,0.31654430272545253,78,6.127357482910156e-05,60,9.393692016601562e-05,65,2.7894973754882812e-05,60,9.202957153320312e-05,98,0.02184009552001953,astar
10,0.2238905516692867,100,6.198883056640625e-05,72,8.106231689453125e-05,99,2.193450927734375e-05,72,6.699562072753906e-05,141,0.02450275421142578,astar
20,0.27907832987000925,184,0.0002269744873046875,150,0.0003421306610107422,195,5.3882598876953125e-05,150,0.0003552436828613281,,0.024240970611572266,ucs
20,0.22364832189418524,163,0.00024771690368652344,123,0.0006380081176757812,185,5.507469177246094e-05,123,0.0003819465637207031,,0.04724574089050293,astar
10,0.2015205959061123,61,6.29425048828125e-05,50,7.510185241699219e-05,86,2.09808349609375e-05,50,7.295608520507812e-05,69,0.022656917572021484,astar
10,0.24049894458417287,101,6.508827209472656e-05,63,9.107589721679688e-05,73,2.3126602172851562e-05,63,8.702278137207031e-05,105,0.024435997009277344,astar
10,0.3062398515817196,102,5.125999450683594e-05,64,6.794929504394531e-05,104,2.4080276489257812e-05,64,7.390975952148438e-05,117,0.02228999137878418,ucs
10,0.3142980716924316,111,4.8160552978515625e-05,95,7.224082946777344e-05,100,2.384185791015625e-05,95,7.486343383789062e-05,97,0.024017810821533203,ucs
10,0.3027889622078743,86,5.888938903808594e-05,79,8.296966552734375e-05,90,2.3126602172851562e-05,79,7.605552673339844e-05,94,0.02009105682373047,astar
10,0.27573807549395396,67,5.91278076171875e-05,58,8.797645568847656e-05,101,4.410743713378906e-05,58,8.20159912109375e-05,92,0.023702144622802734,astar
10,0.23031707092997383,85,5.817413330078125e-05,59,7.605552673339844e-05,71,2.193450927734375e-05,59,7.176399230957031e-05,96,0.02678203582763672,astar
10,0.3851753511160554,103,5.1975250244140625e-05,103,7.200241088867188e-05,136,4.482269287109375e-05,103,8.130073547363281e-05,130,0.026324033737182617,bfs
10,0.28100231193220193,95,5.984306335449219e-05,79,8.20159912109375e-05,109,2.4080276489257812e-05,79,8.296966552734375e-05,120,0.03048396110534668,ucs
20,0.2411548251657031,189,0.0002391338348388672,155,0.0003418922424316406,283,8.797645568847656e-05,155,0.0003261566162109375,,0.016483783721923828,astar
20,0.2608788858262134,120,0.00022077560424804688,107,0.000308990478515625,186,9.894371032714844e-05,107,0.0002448558807373047,,0.019524812698364258,astar
20,0.26755671369774625,155,0.00023698806762695312,147,0.00037288665771484375,197,7.081031799316406e-05,147,0.00039505958557128906,289,0.055235862731933594,ucs
10,0.30726773022485093,78,5.1021575927734375e-05,74,6.818771362304688e-05,93,1.8835067749023438e-05,74,6.794929504394531e-05,83,0.02176213264465332,astar
10,0.3433320558860471,96,3.409385681152344e-05,96,5.078315734863281e-05,101,2.9087066650390625e-05,96,5.507469177246094e-05,124,0.029213905334472656,bfs
10,0.41389355935984307,108,4.8160552978515625e-05,88,6.508827209472656e-05,91,3.4809112548828125e-05,88,6.914138793945312e-05,131,0.029336929321289062,ucs
10,0.4653189771063052,72,2.7894973754882812e-05,70,4.410743713378906e-05,75,2.193450927734375e-05,70,4.696846008300781e-05,81,0.022649049758911133,ucs
20,0.3596805812787277,171,0.0001919269561767578,159,0.0002779960632324219,221,9.894371032714844e-05,159,0.00029015541076660156,,0.019959688186645508,ucs
10,0.2871193557295762,72,4.410743713378906e-05,72,6.318092346191406e-05,97,2.4080276489257812e-05,72,6.604194641113281e-05,86,0.023797035217285156,bfs
20,0.3108762929404044,218,0.0001938343048095703,184,0.0002789497375488281,239,7.200241088867188e-05,184,0.00028705596923828125,254,0.03777265548706055,ucs
10,0.3310429287573582,81,4.8160552978515625e-05,81,8.392333984375e-05,128,3.7670135498046875e-05,81,8.392333984375e-05,111,0.024818897247314453,bfs
20,0.267927196085725,169,0.00017690658569335938,135,0.000247955322265625,210,7.796287536621094e-05,135,0.00024771690368652344,,0.044654130935668945,astar
10,0.2634139053260911,59,4.291534423828125e-05,49,6.079673767089844e-05,67,2.193450927734375e-05,49,5.698204040527344e-05,77,0.028288841247558594,astar
10,0.31095874199904017,98,5.412101745605469e-05,69,6.103515625e-05,75,2.2172927856445312e-05,69,5.507469177246094e-05,91,0.025529861450195312,astar
10,0.21470181587069467,85,5.984306335449219e-05,62,9.226799011230469e-05,97,2.7894973754882812e-05,62,9.703636169433594e-05,95,0.023125886917114258,ucs
10,0.3116737563788783,113,5.507469177246094e-05,83,5.793571472167969e-05,83,2.7179718017578125e-05,83,5.4836273193359375e-05,99,0.025187015533447266,greedy
20,0.2584335008440987,180,0.0002300739288330078,137,0.0003502368927001953,196,9.608268737792969e-05,137,0.0003609657287597656,,0.02503514289855957,ucs
20,0.26686593012669374,174,0.00019097328186035156,135,0.0002739429473876953,238,6.29425048828125e-05,135,0.0002758502960205078,,0.04956698417663574,ucs
10,0.2613506485522765,92,5.125999450683594e-05,79,7.295608520507812e-05,119,3.6716461181640625e-05,79,7.605552673339844e-05,124,0.03602004051208496,ucs
20,0.2094290005880321,202,0.0002601146697998047,140,0.0004031658172607422,224,5.888938903808594e-05,140,0.0004470348358154297,,0.0701298713684082,ucs
20,0.26174580703855466,198,0.0002300739288330078,174,0.0003457069396972656,209,6.604194641113281e-05,174,0.0003788471221923828,267,0.05088996887207031,ucs
10,0.33916887631040193,88,4.8160552978515625e-05,70,6.771087646484375e-05,120,2.7894973754882812e-05,70,7.700920104980469e-05,125,0.02238297462463379,ucs
10,0.20356955462231582,100,7.200241088867188e-05,53,0.00010609626770019531,74,1.9073486328125e-05,53,0.000102996826171875,138,0.022410869598388672,astar
20,0.23480107235061168,183,0.0002319812774658203,135,0.0003540515899658203,162,6.008148193359375e-05,135,0.00037407875061035156,,0.036212921142578125,ucs
20,0.28916526975934864,186,0.00020813941955566406,119,0.00030303001403808594,211,5.2928924560546875e-05,119,0.00029277801513671875,188,0.04245400428771973,astar
20,0.29839862553889995,187,0.0002307891845703125,145,0.00032901763916015625,232,5.602836608886719e-05,145,0.0003299713134765625,,0.043289899826049805,ucs
10,0.20326104631776817,61,7.009506225585938e-05,61,0.00010776519775390625,73,2.3126602172851562e-05,61,0.00011801719665527344,129,0.031154870986938477,bfs
10,0.21707531408825242,85,6.29425048828125e-05,52,9.202957153320312e-05,103,2.09808349609375e-05,52,9.012222290039062e-05,101,0.022673845291137695,astar
20,0.2372535745776739,199,0.00023293495178222656,139,0.0003559589385986328,229,5.698204040527344e-05,139,0.0003840923309326172,,0.05202293395996094,ucs
10,0.4030056332926528,117,4.410743713378906e-05,112,5.984306335449219e-05,149,3.719329833984375e-05,112,6.461143493652344e-05,137,0.02797412872314453,ucs
20,0.24826643708690907,176,0.00026297569274902344,123,0.0004150867462158203,236,6.389617919921875e-05,123,0.00045418739318847656,235,0.04396390914916992,ucs
20,0.31774730401595197,186,0.00020694732666015625,156,0.0003180503845214844,197,4.7206878662109375e-05,156,0.00032782554626464844,,0.04814791679382324,ucs
20,0.28090188394066445,173,0.00022721290588378906,137,0.0003349781036376953,329,0.00010275840759277344,137,0.0003528594970703125,,0.03894400596618652,ucs
10,0.3074836931198496,75,6.031990051269531e-05,65,7.915496826171875e-05,88,2.47955322265625e-05,65,8.511543273925781e-05,82,0.027348995208740234,ucs
20,0.27972732976868214,182,0.0002391338348388672,155,0.0005228519439697266,249,5.888938903808594e-05,155,0.0003199577331542969,233,0.054208993911743164,astar
20,0.2481726369930824,209,0.000247955322265625,154,0.0003581047058105469,219,4.601478576660156e-05,154,0.0004029273986816406,229,0.051892995834350586,ucs
20,0.2639903399885212,197,0.0002148151397705078,149,0.0003390312194824219,200,5.2928924560546875e-05,149,0.00035500526428222656,255,0.03725314140319824,ucs
20,0.2575592589956002,192,0.00023317337036132812,136,0.0003421306610107422,182,5.2928924560546875e-05,136,0.00035691261291503906,,0.029546022415161133,ucs
10,0.30580145846239437,97,5.793571472167969e-05,79,8.797645568847656e-05,103,2.288818359375e-05,79,9.322166442871094e-05,110,0.021468162536621094,ucs
10,0.2637950018392223,67,6.079673767089844e-05,47,8.20159912109375e-05,100,3.790855407714844e-05,47,7.104873657226562e-05,68,0.020659208297729492,astar
10,0.36661939298336355,70,4.7206878662109375e-05,59,6.985664367675781e-05,86,2.2172927856445312e-05,59,6.604194641113281e-05,85,0.025201082229614258,astar
10,0.31439900167735335,92,5.6743621826171875e-05,92,8.0108642578125e-05,124,6.079673767089844e-05,92,8.869171142578125e-05,92,0.02191901206970215,bfs
10,0.4310606785498724,92,3.504753112792969e-05,78,4.982948303222656e-05,78,2.09808349609375e-05,78,5.1975250244140625e-05,101,0.0253908634185791,greedy
20,0.34012536933284887,190,0.00016999244689941406,171,0.0002617835998535156,205,5.793571472167969e-05,171,0.0002598762512207031,,0.024161815643310547,astar
20,0.37265819827761265,205,0.0001800060272216797,189,0.000270843505859375,280,7.200241088867188e-05,189,0.0002810955047607422,,0.01902318000793457,ucs
10,0.3676913279201437,71,4.792213439941406e-05,71,6.914138793945312e-05,100,2.9087066650390625e-05,71,7.510185241699219e-05,94,0.024714946746826172,bfs
20,0.23254414568957218,142,0.0002486705780029297,105,0.00033402442932128906,176,7.390975952148438e-05,105,0.00032901763916015625,162,0.0444791316986084,astar
20,0.2192130666191496,185,0.00025010108947753906,139,0.0003790855407714844,244,7.200241088867188e-05,139,0.00039005279541015625,244,0.04920196533203125,ucs
10,0.31672046078554517,73,4.363059997558594e-05,61,5.698204040527344e-05,109,2.288818359375e-05,61,5.5789947509765625e-05,109,0.02197718620300293,astar
10,0.20862345986674702,100,5.91278076171875e-05,91,8.487701416015625e-05,129,3.719329833984375e-05,91,9.083747863769531e-05,117,0.024140119552612305,ucs
20,0.20696615973842386,193,0.00026702880859375,95,0.0003800392150878906,139,4.673004150390625e-05,95,0.0003581047058105469,216,0.05073690414428711,astar
20,0.2501695943370192,175,0.0002391338348388672,114,0.0003559589385986328,194,5.888938903808594e-05,114,0.0003159046173095703,,0.020344018936157227,astar
20,0.26606475086986153,184,0.00023603439331054688,172,0.00034618377685546875,231,6.127357482910156e-05,172,0.00038123130798339844,,0.02573418617248535,ucs
10,0.20592721485050763,81,6.508827209472656e-05,64,0.00010085105895996094,100,2.4080276489257812e-05,64,9.775161743164062e-05,106,0.021778106689453125,astar
20,0.2808341441069828,180,0.00015687942504882812,171,0.0002040863037109375,207,6.127357482910156e-05,171,0.0001971721649169922,207,0.04655599594116211,astar
20,0.2156941866118334,162,0.00025081634521484375,112,0.0003731250762939453,185,5.5789947509765625e-05,112,0.0003871917724609375,,0.04648280143737793,ucs
10,0.2960829330003826,86,4.601478576660156e-05,81,7.605552673339844e-05,94,2.6941299438476562e-05,81,6.818771362304688e-05,117,0.024854660034179688,astar
20,0.31171706544355193,160,0.00022602081298828125,131,0.000308990478515625,173,5.698204040527344e-05,131,0.00030732154846191406,,0.02193927764892578,astar
10,0.4106110689897682,102,4.124641418457031e-05,70,6.127357482910156e-05,99,3.0040740966796875e-05,70,6.198883056640625e-05,91,0.021930932998657227,ucs
20,0.2575248183979823,159,0.0002231597900390625,144,0.00034809112548828125,183,7.128715515136719e-05,144,0.00036144256591796875,209,0.05942511558532715,ucs
10,0.27300063433083,88,4.315376281738281e-05,78,5.602836608886719e-05,88,2.4080276489257812e-05,78,5.793571472167969e-05,88,0.031136035919189453,ucs
10,0.3260743068335422,78,6.198883056640625e-05,61,9.226799011230469e-05,81,2.09808349609375e-05,61,9.012222290039062e-05,121,0.0252687931060791,astar
20,0.33625567553444147,157,0.00019884109497070312,141,0.0002830028533935547,170,5.3882598876953125e-05,141,0.00030517578125,243,0.05118393898010254,ucs
20,0.21394783977995932,210,0.0002582073211669922,137,0.0003941059112548828,226,5.1975250244140625e-05,137,0.0004048347473144531,260,0.04463005065917969,ucs
10,0.28170088198005694,68,5.221366882324219e-05,61,7.319450378417969e-05,61,2.002716064453125e-05,61,7.390975952148438e-05,88,0.027392148971557617,greedy
10,0.30664582730406953,79,5.817413330078125e-05,73,8.392333984375e-05,97,2.8848648071289062e-05,73,8.487701416015625e-05,100,0.028258085250854492,ucs
10,0.25986224788108686,70,4.982948303222656e-05,61,7.128715515136719e-05,78,2.09808349609375e-05,61,6.389617919921875e-05,92,0.02079010009765625,astar
10,0.21867705952493133,102,6.914138793945312e-05,66,0.00010204315185546875,104,2.5987625122070312e-05,66,0.00010919570922851562,84,0.023172855377197266,ucs
20,0.21105176307917647,188,0.0002727508544921875,102,0.00041222572326660156,194,5.1975250244140625e-05,102,0.00045108795166015625,,0.047043800354003906,ucs
20,0.23021185626995755,171,0.00025010108947753906,126,0.0003719329833984375,159,4.7206878662109375e-05,126,0.000347137451171875,,0.05419802665710449,astar
20,0.2748357631689896,202,0.00024008750915527344,152,0.0003693103790283203,236,5.602836608886719e-05,152,0.00040912628173828125,238,0.05097818374633789,ucs
20,0.39328734766070184,185,0.00017690658569335938,160,0.0002548694610595703,219,7.700920104980469e-05,160,0.0002779960632324219,,0.021327972412109375,ucs
20,0.29925774050684717,149,0.00020813941955566406,138,0.0003139972686767578,153,4.982948303222656e-05,138,0.00033092498779296875,279,0.05168795585632324,ucs
10,0.3227199021705655,103,5.507469177246094e-05,103,7.700920104980469e-05,112,4.887580871582031e-05,103,8.106231689453125e-05,114,0.025352001190185547,bfs
10,0.2811111342965906,71,5.817413330078125e-05,69,8.702278137207031e-05,137,4.696846008300781e-05,69,8.988380432128906e-05,96,0.018871068954467773,ucs
10,0.2792995707632346,80,5.7697296142578125e-05,59,8.606910705566406e-05,71,2.384185791015625e-05,59,8.130073547363281e-05,96,0.02427506446838379,astar
20,0.21296656508288514,195,0.0002510547637939453,116,0.00040221214294433594,203,5.078315734863281e-05,116,0.0004222393035888672,340,0.04615664482116699,ucs
20,0.30804079783841565,184,0.0002129077911376953,137,0.0003399848937988281,246,0.0001289844512939453,137,0.00036406517028808594,,0.04713702201843262,ucs
20,0.2085545897159159,174,0.0002589225769042969,136,0.00040912628173828125,194,5.412101745605469e-05,136,0.0004210472106933594,,0.027230024337768555,ucs
10,0.21328989421087216,103,6.508827209472656e-05,74,9.179115295410156e-05,119,3.0279159545898438e-05,74,9.226799011230469e-05,142,0.01972198486328125,ucs
10,0.31567374667776915,77,4.982948303222656e-05,61,7.796287536621094e-05,77,3.0279159545898438e-05,61,8.511543273925781e-05,68,0.020783185958862305,ucs
10,0.32613936692652773,72,5.91278076171875e-05,61,8.320808410644531e-05,96,2.5272369384765625e-05,61,8.702278137207031e-05,79,0.024879932403564453,ucs
20,0.3487058370349805,208,0.00021505355834960938,154,0.0002799034118652344,190,4.38690185546875e-05,154,0.0002899169921875,,0.027575969696044922,ucs
10,0.22839162939201282,86,6.890296936035156e-05,55,0.0001010894775390625,82,2.1696090698242188e-05,55,8.487701416015625e-05,92,0.030057907104492188,astar
10,0.2063831734862603,71,6.699562072753906e-05,53,9.799003601074219e-05,78,2.193450927734375e-05,53,9.107589721679688e-05,84,0.02238011360168457,astar
20,0.25623603836044706,221,0.00023102760314941406,152,0.00034809112548828125,162,8.916854858398438e-05,152,0.0003800392150878906,263,0.05517578125,ucs
10,0.3471129520858518,78,5.888938903808594e-05,61,8.296966552734375e-05,78,2.09808349609375e-05,61,8.702278137207031e-05,93,0.022915124893188477,ucs
20,0.2009487511942189,166,0.0002319812774658203,155,0.00036406517028808594,187,5.1021575927734375e-05,155,0.0004038810729980469,323,0.061187028884887695,ucs
10,0.3794719163707776,89,4.9114227294921875e-05,71,7.390975952148438e-05,71,3.790855407714844e-05,71,6.699562072753906e-05,122,0.02356576919555664,greedy
20,0.20810063352980523,174,0.0002582073211669922,137,0.0003910064697265625,271,5.507469177246094e-05,137,0.00042700767517089844,,0.04715299606323242,ucs
20,0.24999736184864807,162,0.00023603439331054688,145,0.00035309791564941406,175,6.4849853515625e-05,145,0.0003859996795654297,,0.04778289794921875,ucs
10,0.24131177107643184,95,5.5789947509765625e-05,73,8.106231689453125e-05,73,2.09808349609375e-05,73,7.605552673339844e-05,77,0.026387929916381836,greedy
20,0.3179138772411344,182,0.00020885467529296875,133,0.0002968311309814453,151,6.103515625e-05,133,0.0002930164337158203,,0.048416852951049805,astar
10,0.32011146615410524,72,4.315376281738281e-05,63,5.817413330078125e-05,80,2.384185791015625e-05,63,6.198883056640625e-05,123,0.030834197998046875,ucs
20,0.3294778707820419,166,0.0002009868621826172,141,0.0002880096435546875,279,6.413459777832031e-05,141,0.0002779960632324219,,0.033499956130981445,astar
10,0.24294227868238266,80,5.221366882324219e-05,62,8.320808410644531e-05,84,2.7894973754882812e-05,62,8.702278137207031e-05,84,0.024755001068115234,ucs
10,0.2200475864416096,80,6.103515625e-05,58,8.416175842285156e-05,92,2.384185791015625e-05,58,7.390975952148438e-05,166,0.022392988204956055,astar
20,0.29802507308686915,177,0.0002300739288330078,145,0.0003261566162109375,206,6.29425048828125e-05,145,0.00033402442932128906,232,0.04050779342651367,ucs
10,0.21931710777223212,86,5.984306335449219e-05,66,8.821487426757812e-05,72,2.09808349609375e-05,66,9.489059448242188e-05,95,0.029314756393432617,ucs
20,0.34486509808725385,169,0.0001862049102783203,129,0.000263214111328125,161,8.20159912109375e-05,129,0.0002739429473876953,,0.027103185653686523,ucs
20,0.23787289878925494,197,0.00024890899658203125,156,0.0003790855407714844,217,5.602836608886719e-05,156,0.00041604042053222656,412,0.05364704132080078,ucs
10,0.33856739715546846,90,5.3882598876953125e-05,69,7.796287536621094e-05,130,3.600120544433594e-05,69,7.295608520507812e-05,139,0.028790950775146484,astar
10,0.2977012548483402,70,5.602836608886719e-05,70,8.273124694824219e-05,81,2.288818359375e-05,70,8.702278137207031e-05,98,0.024738073348999023,bfs
10,0.21811069144899725,90,6.794929504394531e-05,64,9.799003601074219e-05,67,1.9073486328125e-05,64,9.799003601074219e-05,102,0.023573875427246094,ucs
10,0.204792480480447,95,6.389617919921875e-05,52,8.082389831542969e-05,95,2.4080276489257812e-05,52,6.985664367675781e-05,123,0.02712392807006836,astar
10,0.21119640722844085,93,6.389617919921875e-05,67,9.202957153320312e-05,99,3.0040740966796875e-05,67,9.608268737792969e-05,177,0.033982038497924805,ucs
20,0.25710855967805896,189,0.00024700164794921875,153,0.0003819465637207031,222,6.818771362304688e-05,153,0.00042700767517089844,256,0.042362213134765625,ucs
10,0.41753476697008685,83,5.793571472167969e-05,58,8.416175842285156e-05,81,2.5033950805664062e-05,58,7.462501525878906e-05,91,0.02375197410583496,astar
10,0.3299008989606378,62,5.316734313964844e-05,51,6.699562072753906e-05,87,2.5033950805664062e-05,51,6.103515625e-05,98,0.024019956588745117,astar
10,0.3661172177602503,51,3.504753112792969e-05,48,5.125999450683594e-05,86,2.002716064453125e-05,48,5.1021575927734375e-05,62,0.02106785774230957,astar
20,0.23785784256936954,181,0.00024890899658203125,148,0.0005512237548828125,208,6.079673767089844e-05,148,0.0003879070281982422,,0.021585941314697266,astar
10,0.2613568303987428,74,5.888938903808594e-05,74,8.702278137207031e-05,100,1.9788742065429688e-05,74,9.083747863769531e-05,106,0.021998167037963867,bfs
20,0.2953466829473221,231,0.00019478797912597656,202,0.00029587745666503906,265,0.00011706352233886719,202,0.0003170967102050781,,0.026804208755493164,ucs
20,0.2663850272467271,189,0.00025177001953125,135,0.00035309791564941406,182,4.76837158203125e-05,135,0.00036716461181640625,,0.05000495910644531,ucs
10,0.3355526326324785,96,4.792213439941406e-05,85,6.818771362304688e-05,95,2.002716064453125e-05,85,7.390975952148438e-05,110,0.024940967559814453,ucs
10,0.2148676994664434,63,5.984306335449219e-05,51,9.393692016601562e-05,66,3.0994415283203125e-05,51,0.00010585784912109375,110,0.02488875389099121,ucs
10,0.26272724564670175,68,5.91278076171875e-05,61,7.510185241699219e-05,88,2.384185791015625e-05,61,7.700920104980469e-05,112,0.021090030670166016,ucs
10,0.34460435546031215,65,5.507469177246094e-05,61,7.700920104980469e-05,70,2.002716064453125e-05,61,7.772445678710938e-05,96,0.022886037826538086,ucs
10,0.2026650463912505,69,6.389617919921875e-05,48,9.202957153320312e-05,96,2.2172927856445312e-05,48,8.916854858398438e-05,87,0.026797056198120117,astar
10,0.37356749973055003,88,5.1975250244140625e-05,51,7.081031799316406e-05,64,2.4080276489257812e-05,51,6.29425048828125e-05,132,0.025307893753051758,astar
20,0.292851009352088,159,0.00023102760314941406,128,0.0003628730773925781,186,7.104873657226562e-05,128,0.0003790855407714844,,0.05002093315124512,ucs
20,0.22650346146474615,161,0.0002422332763671875,129,0.0003731250762939453,222,6.389617919921875e-05,129,0.00040912628173828125,,0.04933500289916992,ucs
20,0.2296348780990785,169,0.0002560615539550781,113,0.00037980079650878906,217,6.699562072753906e-05,113,0.0004150867462158203,,0.03142809867858887,ucs
20,0.282289296583378,148,0.0002009868621826172,139,0.00028586387634277344,238,0.00010895729064941406,139,0.00030994415283203125,,0.02846503257751465,ucs
10,0.206124417433475,80,6.031990051269531e-05,62,9.608268737792969e-05,82,2.09808349609375e-05,62,9.107589721679688e-05,87,0.021528959274291992,astar
10,0.24972461092282877,99,6.127357482910156e-05,60,6.699562072753906e-05,92,2.288818359375e-05,60,5.6743621826171875e-05,120,0.023749113082885742,astar
20,0.3630849933446608,194,0.0001442432403564453,177,0.0002162456512451172,238,7.486343383789062e-05,177,0.00021791458129882812,,0.0531766414642334,ucs
20,0.22485012603226157,191,0.0002372264862060547,149,0.0003750324249267578,224,4.506111145019531e-05,149,0.0004050731658935547,341,0.047421932220458984,ucs
10,0.2157399248852923,81,7.295608520507812e-05,56,0.00011730194091796875,98,2.5033950805664062e-05,56,0.00011801719665527344,128,0.02129673957824707,ucs
10,0.36722565862538925,107,3.0994415283203125e-05,93,4.410743713378906e-05,93,2.7894973754882812e-05,93,4.506111145019531e-05,93,0.022594928741455078,greedy
10,0.268762357687818,77,3.4809112548828125e-05,61,5.030632019042969e-05,70,2.3126602172851562e-05,61,5.1975250244140625e-05,81,0.02090907096862793,ucs
10,0.3638288694345742,77,4.100799560546875e-05,63,6.318092346191406e-05,65,2.288818359375e-05,63,5.6743621826171875e-05,93,0.022397279739379883,astar
10,0.2640127354613495,97,6.008148193359375e-05,53,7.605552673339844e-05,68,2.09808349609375e-05,53,7.510185241699219e-05,159,0.023658037185668945,astar
20,0.20090387514380043,187,0.00026988983154296875,107,0.0003712177276611328,177,6.318092346191406e-05,107,0.00029206275939941406,241,0.04809403419494629,astar
20,0.2980425045089707,165,0.00021791458129882812,140,0.0003349781036376953,180,6.508827209472656e-05,140,0.0003650188446044922,,0.051181793212890625,ucs
20,0.28707387556912023,151,0.0002288818359375,148,0.00032329559326171875,189,5.125999450683594e-05,148,0.0003292560577392578,233,0.035997867584228516,ucs
10,0.2645354169189567,100,5.5789947509765625e-05,63,5.91278076171875e-05,63,2.6226043701171875e-05,63,5.4836273193359375e-05,94,0.021153688430786133,greedy
20,0.21508823640847866,118,0.0002608299255371094,97,0.00039196014404296875,173,4.7206878662109375e-05,97,0.0003631114959716797,220,0.04496121406555176,astar
10,0.280735507285602,104,5.602836608886719e-05,63,6.985664367675781e-05,84,2.002716064453125e-05,63,6.699562072753906e-05,158,0.030141830444335938,astar
10,0.40598064416241525,85,4.601478576660156e-05,77,6.127357482910156e-05,114,2.47955322265625e-05,77,5.507469177246094e-05,114,0.026005983352661133,astar
20,0.3987755088038966,186,0.00017309188842773438,181,0.00025200843811035156,260,8.702278137207031e-05,181,0.00025200843811035156,,0.05256390571594238,ucs
10,0.26326580723795107,62,5.698204040527344e-05,62,8.58306884765625e-05,103,2.8133392333984375e-05,62,9.584426879882812e-05,98,0.023038864135742188,bfs
10,0.27325274884240447,83,5.888938903808594e-05,67,7.700920104980469e-05,101,2.7894973754882812e-05,67,7.510185241699219e-05,101,0.02203083038330078,astar
10,0.20084097302068907,79,6.29425048828125e-05,59,9.393692016601562e-05,103,4.00543212890625e-05,59,9.202957153320312e-05,,0.025478124618530273,astar
10,0.34601720805714287,81,5.507469177246094e-05,62,7.987022399902344e-05,67,2.09808349609375e-05,62,7.700920104980469e-05,88,0.027138710021972656,astar
10,0.2863145563098069,82,6.389617919921875e-05,57,8.392333984375e-05,69,2.1219253540039062e-05,57,8.296966552734375e-05,91,0.02643299102783203,astar
20,0.23655927965935974,162,0.00024819374084472656,111,0.0003790855407714844,167,5.459785461425781e-05,111,0.0003809928894042969,,0.04814410209655762,ucs
10,0.2813484636149405,78,4.9114227294921875e-05,60,4.9114227294921875e-05,60,3.0994415283203125e-05,60,4.482269287109375e-05,117,0.029661178588867188,greedy
20,0.2951147060167966,161,0.0002079010009765625,138,0.00032901763916015625,187,5.2928924560546875e-05,138,0.00036978721618652344,,0.038265228271484375,ucs
10,0.24134210221837943,81,5.888938903808594e-05,61,8.821487426757812e-05,82,2.3126602172851562e-05,61,9.202957153320312e-05,135,0.02554488182067871,ucs
20,0.25544609291966636,164,0.00023484230041503906,140,0.00034999847412109375,232,5.507469177246094e-05,140,0.0004050731658935547,,0.01571488380432129,ucs
20,0.27981169938440537,200,0.0002238750457763672,163,0.00032806396484375,220,6.604194641113281e-05,163,0.00034999847412109375,,0.022224903106689453,ucs
10,0.24499262854122414,90,6.198883056640625e-05,58,9.226799011230469e-05,94,2.6941299438476562e-05,58,9.083747863769531e-05,147,0.02953815460205078,astar
10,0.24424515450330997,68,4.792213439941406e-05,50,7.486343383789062e-05,80,1.9788742065429688e-05,50,7.510185241699219e-05,109,0.02334904670715332,ucs
10,0.23703690190566942,78,5.888938903808594e-05,47,8.392333984375e-05,90,2.193450927734375e-05,47,8.702278137207031e-05,85,0.023433923721313477,ucs
20,0.30569685880745406,218,0.0001881122589111328,170,0.00021886825561523438,227,5.793571472167969e-05,170,0.00021386146545410156,238,0.0456540584564209,astar
20,0.2117348167624478,176,0.0002422332763671875,158,0.0003790855407714844,234,6.4849853515625e-05,158,0.00040602684020996094,297,0.048065900802612305,ucs
10,0.26786724881451507,56,5.602836608886719e-05,56,8.487701416015625e-05,75,2.5987625122070312e-05,56,8.988380432128906e-05,117,0.02429485321044922,bfs
20,0.3366195664533209,179,0.00018715858459472656,144,0.00027179718017578125,182,7.700920104980469e-05,144,0.0002789497375488281,,0.017625093460083008,ucs
10,0.3464621853734392,101,4.100799560546875e-05,77,6.29425048828125e-05,82,2.193450927734375e-05,77,6.508827209472656e-05,96,0.021396398544311523,ucs
10,0.2649583946198069,91,4.100799560546875e-05,66,5.817413330078125e-05,86,2.6941299438476562e-05,66,5.412101745605469e-05,103,0.02873706817626953,astar
10,0.33786308631726397,95,6.198883056640625e-05,61,8.487701416015625e-05,70,3.0040740966796875e-05,61,9.012222290039062e-05,141,0.031050682067871094,ucs
20,0.307348119622241,182,0.00023984909057617188,145,0.0003609657287597656,205,5.412101745605469e-05,145,0.00039386749267578125,,0.05252814292907715,ucs
10,0.3127185552418414,73,5.7220458984375e-05,64,8.082389831542969e-05,87,2.4080276489257812e-05,64,9.083747863769531e-05,73,0.02408599853515625,ucs
20,0.22213051104374296,163,0.0002529621124267578,93,0.0003077983856201172,153,5.2928924560546875e-05,93,0.0002791881561279297,240,0.041713714599609375,astar
10,0.33147460418054686,112,4.887580871582031e-05,95,7.176399230957031e-05,118,3.2901763916015625e-05,95,7.081031799316406e-05,129,0.030333757400512695,astar
20,0.40348370109680254,164,0.00012302398681640625,144,0.00015592575073242188,165,5.4836273193359375e-05,144,0.0001552104949951172,183,0.040308237075805664,astar
20,0.3085951681669541,174,0.00021004676818847656,139,0.0003190040588378906,168,7.510185241699219e-05,139,0.0003409385681152344,,0.044111013412475586,ucs
20,0.37559490172020427,250,0.00015997886657714844,227,0.0002319812774658203,243,6.389617919921875e-05,227,0.00024390220642089844,,0.05234408378601074,ucs
10,0.24781751112253272,89,6.198883056640625e-05,85,8.511543273925781e-05,102,2.09808349609375e-05,85,7.915496826171875e-05,114,0.024971961975097656,astar
20,0.3496396462322872,185,0.00014901161193847656,162,0.00020599365234375,195,6.103515625e-05,162,0.00020813941955566406,,0.01610422134399414,ucs
20,0.2544681250808035,182,0.0002357959747314453,138,0.00036597251892089844,173,5.1975250244140625e-05,138,0.0004000663757324219,,0.0507967472076416,ucs
10,0.22646594918983773,102,5.91278076171875e-05,64,8.392333984375e-05,91,2.288818359375e-05,64,7.891654968261719e-05,110,0.02595686912536621,astar
20,0.3841794386077835,172,0.0001590251922607422,166,0.000225067138671875,181,0.00010776519775390625,166,0.00023603439331054688,,0.027436017990112305,ucs
10,0.4495047553220999,72,4.410743713378906e-05,53,5.316734313964844e-05,53,2.09808349609375e-05,53,4.291534423828125e-05,65,0.028294086456298828,greedy
